{
	"credit": "Made with Blockbench",
	"textures": {
		"3": "mind-control",
		"particle": "block/redstone_block"
	},
	"elements": [
		{
			"from": [6, 2, 0],
			"to": [10, 6, 2],
			"faces": {
				"north": {"uv": [0, 0, 4, 4], "texture": "#3"},
				"east": {"uv": [4, 0, 6, 4], "texture": "#3"},
				"south": {"uv": [0, 4, 4, 8], "texture": "#3"},
				"west": {"uv": [4, 4, 6, 8], "texture": "#3"},
				"up": {"uv": [10, 2, 6, 0], "texture": "#3"},
				"down": {"uv": [10, 2, 6, 4], "texture": "#3"}
			}
		},
		{
			"from": [5, 2, 0],
			"to": [6, 3, 1],
			"faces": {
				"north": {"uv": [8, 4, 9, 5], "texture": "#3"},
				"east": {"uv": [8, 5, 9, 6], "texture": "#3"},
				"south": {"uv": [6, 8, 7, 9], "texture": "#3"},
				"west": {"uv": [8, 6, 9, 7], "texture": "#3"},
				"up": {"uv": [8, 9, 7, 8], "texture": "#3"},
				"down": {"uv": [9, 7, 8, 8], "texture": "#3"}
			}
		},
		{
			"from": [5, 5, 0],
			"to": [6, 6, 1],
			"faces": {
				"north": {"uv": [8, 8, 9, 9], "texture": "#3"},
				"east": {"uv": [2, 9, 3, 10], "texture": "#3"},
				"south": {"uv": [3, 9, 4, 10], "texture": "#3"},
				"west": {"uv": [4, 9, 5, 10], "texture": "#3"},
				"up": {"uv": [10, 5, 9, 4], "texture": "#3"},
				"down": {"uv": [6, 9, 5, 10], "texture": "#3"}
			}
		},
		{
			"from": [10, 5, 0],
			"to": [11, 6, 1],
			"faces": {
				"north": {"uv": [9, 5, 10, 6], "texture": "#3"},
				"east": {"uv": [6, 9, 7, 10], "texture": "#3"},
				"south": {"uv": [9, 6, 10, 7], "texture": "#3"},
				"west": {"uv": [7, 9, 8, 10], "texture": "#3"},
				"up": {"uv": [10, 8, 9, 7], "texture": "#3"},
				"down": {"uv": [9, 9, 8, 10], "texture": "#3"}
			}
		},
		{
			"from": [10, 2, 0],
			"to": [11, 3, 1],
			"faces": {
				"north": {"uv": [9, 8, 10, 9], "texture": "#3"},
				"east": {"uv": [9, 9, 10, 10], "texture": "#3"},
				"south": {"uv": [0, 10, 1, 11], "texture": "#3"},
				"west": {"uv": [10, 0, 11, 1], "texture": "#3"},
				"up": {"uv": [2, 11, 1, 10], "texture": "#3"},
				"down": {"uv": [11, 1, 10, 2], "texture": "#3"}
			}
		},
		{
			"from": [9, 6, 0],
			"to": [10, 7, 1],
			"faces": {
				"north": {"uv": [2, 10, 3, 11], "texture": "#3"},
				"east": {"uv": [10, 2, 11, 3], "texture": "#3"},
				"south": {"uv": [3, 10, 4, 11], "texture": "#3"},
				"west": {"uv": [10, 3, 11, 4], "texture": "#3"},
				"up": {"uv": [5, 11, 4, 10], "texture": "#3"},
				"down": {"uv": [11, 4, 10, 5], "texture": "#3"}
			}
		},
		{
			"from": [6, 1, 0],
			"to": [7, 2, 1],
			"faces": {
				"north": {"uv": [5, 10, 6, 11], "texture": "#3"},
				"east": {"uv": [10, 5, 11, 6], "texture": "#3"},
				"south": {"uv": [6, 10, 7, 11], "texture": "#3"},
				"west": {"uv": [10, 6, 11, 7], "texture": "#3"},
				"up": {"uv": [8, 11, 7, 10], "texture": "#3"},
				"down": {"uv": [11, 7, 10, 8], "texture": "#3"}
			}
		},
		{
			"from": [9, 1, 0],
			"to": [10, 2, 1],
			"faces": {
				"north": {"uv": [11, 0, 12, 1], "texture": "#3"},
				"east": {"uv": [1, 11, 2, 12], "texture": "#3"},
				"south": {"uv": [11, 1, 12, 2], "texture": "#3"},
				"west": {"uv": [2, 11, 3, 12], "texture": "#3"},
				"up": {"uv": [12, 3, 11, 2], "texture": "#3"},
				"down": {"uv": [4, 11, 3, 12], "texture": "#3"}
			}
		},
		{
			"from": [6, 6, 0],
			"to": [7, 7, 1],
			"faces": {
				"north": {"uv": [8, 10, 9, 11], "texture": "#3"},
				"east": {"uv": [10, 8, 11, 9], "texture": "#3"},
				"south": {"uv": [9, 10, 10, 11], "texture": "#3"},
				"west": {"uv": [10, 9, 11, 10], "texture": "#3"},
				"up": {"uv": [11, 11, 10, 10], "texture": "#3"},
				"down": {"uv": [1, 11, 0, 12], "texture": "#3"}
			}
		},
		{
			"from": [7, 3, 2],
			"to": [9, 5, 3],
			"faces": {
				"north": {"uv": [6, 4, 8, 6], "texture": "#3"},
				"east": {"uv": [0, 8, 1, 10], "texture": "#3"},
				"south": {"uv": [6, 6, 8, 8], "texture": "#3"},
				"west": {"uv": [1, 8, 2, 10], "texture": "#3"},
				"up": {"uv": [4, 9, 2, 8], "texture": "#3"},
				"down": {"uv": [6, 8, 4, 9], "texture": "#3"}
			}
		}
	],
	"display": {
		"thirdperson_righthand": {
			"rotation": [-90.5, 0, 0],
			"translation": [0, 8.25, -2]
		},
		"thirdperson_lefthand": {
			"rotation": [-90.5, 0, 0],
			"translation": [0, 8.25, -2]
		},
		"firstperson_righthand": {
			"translation": [0, 8.5, 3.25]
		},
		"firstperson_lefthand": {
			"translation": [0, 8.5, 3.25]
		},
		"head": {
			"translation": [0.25, 6.5, 15],
			"scale": [1.46, 1.46, 1.07813]
		}
	}
}