{
	"credit": "Made with Blockbench",
	"textures": {
		"0": "block/yellow_concrete",
		"2": "block/yellow_terracotta",
		"3": "block/redstone_block",
		"4": "block/gold_block",
		"5": "block/diamond_block",
		"particle": "block/yellow_concrete"
	},
	"elements": [
		{
			"from": [9.25, 0, 0],
			"to": [15, 1, 1],
			"faces": {
				"north": {"uv": [0, 0, 5.75, 1], "texture": "#0"},
				"east": {"uv": [0, 0, 1, 1], "texture": "#0"},
				"south": {"uv": [0, 0, 5.75, 1], "texture": "#0"},
				"west": {"uv": [0, 0, 1, 1], "texture": "#0"},
				"up": {"uv": [0, 0, 5.75, 1], "texture": "#0"},
				"down": {"uv": [0, 0, 5.75, 1], "texture": "#0"}
			}
		},
		{
			"from": [1, 0, 0],
			"to": [7.25, 1, 1],
			"faces": {
				"north": {"uv": [0, 0, 6.25, 1], "texture": "#0"},
				"east": {"uv": [0, 0, 1, 1], "texture": "#0"},
				"south": {"uv": [0, 0, 6.25, 1], "texture": "#0"},
				"west": {"uv": [0, 0, 1, 1], "texture": "#0"},
				"up": {"uv": [0, 0, 6.25, 1], "texture": "#0"},
				"down": {"uv": [0, 0, 6.25, 1], "texture": "#0"}
			}
		},
		{
			"from": [1, 0, 15],
			"to": [7.25, 1, 16],
			"faces": {
				"north": {"uv": [0, 0, 6.25, 1], "texture": "#0"},
				"east": {"uv": [0, 0, 1, 1], "texture": "#0"},
				"south": {"uv": [0, 0, 6.25, 1], "texture": "#0"},
				"west": {"uv": [0, 0, 1, 1], "texture": "#0"},
				"up": {"uv": [0, 0, 6.25, 1], "texture": "#0"},
				"down": {"uv": [0, 0, 6.25, 1], "texture": "#0"}
			}
		},
		{
			"from": [9.25, 0, 15],
			"to": [15, 1, 16],
			"faces": {
				"north": {"uv": [0, 0, 5.75, 1], "texture": "#0"},
				"east": {"uv": [0, 0, 1, 1], "texture": "#0"},
				"south": {"uv": [0, 0, 5.75, 1], "texture": "#0"},
				"west": {"uv": [0, 0, 1, 1], "texture": "#0"},
				"up": {"uv": [0, 0, 5.75, 1], "texture": "#0"},
				"down": {"uv": [0, 0, 5.75, 1], "texture": "#0"}
			}
		},
		{
			"from": [15, 0, 1],
			"to": [16, 1, 7.25],
			"faces": {
				"north": {"uv": [0, 0, 1, 1], "texture": "#0"},
				"east": {"uv": [0, 0, 6.25, 1], "texture": "#0"},
				"south": {"uv": [0, 0, 1, 1], "texture": "#0"},
				"west": {"uv": [0, 0, 6.25, 1], "texture": "#0"},
				"up": {"uv": [0, 0, 1, 6.25], "texture": "#0"},
				"down": {"uv": [0, 0, 1, 6.25], "texture": "#0"}
			}
		},
		{
			"from": [15, 0, 9.25],
			"to": [16, 1, 15],
			"faces": {
				"north": {"uv": [0, 0, 1, 1], "texture": "#0"},
				"east": {"uv": [0, 0, 5.75, 1], "texture": "#0"},
				"south": {"uv": [0, 0, 1, 1], "texture": "#0"},
				"west": {"uv": [0, 0, 5.75, 1], "texture": "#0"},
				"up": {"uv": [0, 0, 1, 5.75], "texture": "#0"},
				"down": {"uv": [0, 0, 1, 5.75], "texture": "#0"}
			}
		},
		{
			"from": [0, 0, 1],
			"to": [1, 1, 7.25],
			"faces": {
				"north": {"uv": [0, 0, 1, 1], "texture": "#0"},
				"east": {"uv": [0, 0, 6.25, 1], "texture": "#0"},
				"south": {"uv": [0, 0, 1, 1], "texture": "#0"},
				"west": {"uv": [0, 0, 6.25, 1], "texture": "#0"},
				"up": {"uv": [0, 0, 1, 6.25], "texture": "#0"},
				"down": {"uv": [0, 0, 1, 6.25], "texture": "#0"}
			}
		},
		{
			"from": [0, 0, 9.25],
			"to": [1, 1, 15],
			"faces": {
				"north": {"uv": [0, 0, 1, 1], "texture": "#0"},
				"east": {"uv": [0, 0, 5.75, 1], "texture": "#0"},
				"south": {"uv": [0, 0, 1, 1], "texture": "#0"},
				"west": {"uv": [0, 0, 5.75, 1], "texture": "#0"},
				"up": {"uv": [0, 0, 1, 5.75], "texture": "#0"},
				"down": {"uv": [0, 0, 1, 5.75], "texture": "#0"}
			}
		},
		{
			"from": [0, 0, 9.25],
			"to": [1, 1, 15],
			"faces": {
				"north": {"uv": [0, 0, 1, 1], "texture": "#0"},
				"east": {"uv": [0, 0, 5.75, 1], "texture": "#0"},
				"south": {"uv": [0, 0, 1, 1], "texture": "#0"},
				"west": {"uv": [0, 0, 5.75, 1], "texture": "#0"},
				"up": {"uv": [0, 0, 1, 5.75], "texture": "#0"},
				"down": {"uv": [0, 0, 1, 5.75], "texture": "#0"}
			}
		},
		{
			"from": [0, 0, 9.25],
			"to": [1, 1, 15],
			"faces": {
				"north": {"uv": [0, 0, 1, 1], "texture": "#0"},
				"east": {"uv": [0, 0, 5.75, 1], "texture": "#0"},
				"south": {"uv": [0, 0, 1, 1], "texture": "#0"},
				"west": {"uv": [0, 0, 5.75, 1], "texture": "#0"},
				"up": {"uv": [0, 0, 1, 5.75], "texture": "#0"},
				"down": {"uv": [0, 0, 1, 5.75], "texture": "#0"}
			}
		},
		{
			"from": [7.25, 0, 0],
			"to": [9.25, 1, 1],
			"faces": {
				"north": {"uv": [8, 10, 10, 11], "texture": "#3"},
				"east": {"uv": [7, 7, 8, 8], "texture": "#3"},
				"south": {"uv": [9, 7, 11, 8], "texture": "#3"},
				"west": {"uv": [6, 6, 7, 7], "texture": "#3"},
				"up": {"uv": [6, 5, 8, 4], "texture": "#3"},
				"down": {"uv": [7, 6, 9, 7], "texture": "#3"}
			}
		},
		{
			"from": [15, 0, 7.25],
			"to": [16, 1, 9.25],
			"rotation": {"angle": 0, "axis": "y", "origin": [0, 0, -1]},
			"faces": {
				"north": {"uv": [7, 7, 8, 8], "texture": "#3"},
				"east": {"uv": [8, 10, 10, 11], "texture": "#3"},
				"south": {"uv": [6, 6, 7, 7], "texture": "#3"},
				"west": {"uv": [9, 7, 11, 8], "texture": "#3"},
				"up": {"uv": [6, 5, 8, 4], "rotation": 270, "texture": "#3"},
				"down": {"uv": [7, 6, 9, 7], "rotation": 90, "texture": "#3"}
			}
		},
		{
			"from": [0, 0, 7.25],
			"to": [1, 1, 9.25],
			"rotation": {"angle": 0, "axis": "y", "origin": [0, 0, -1]},
			"faces": {
				"north": {"uv": [7, 7, 8, 8], "texture": "#3"},
				"east": {"uv": [11, 9, 13, 10], "texture": "#3"},
				"south": {"uv": [6, 6, 7, 7], "texture": "#3"},
				"west": {"uv": [7, 10, 9, 11], "texture": "#3"},
				"up": {"uv": [6, 5, 8, 4], "rotation": 270, "texture": "#3"},
				"down": {"uv": [7, 6, 9, 7], "rotation": 90, "texture": "#3"}
			}
		},
		{
			"from": [7.25, 0, 15],
			"to": [9.25, 1, 16],
			"faces": {
				"north": {"uv": [8, 10, 10, 11], "texture": "#3"},
				"east": {"uv": [4, 8, 6, 9], "texture": "#3"},
				"south": {"uv": [8, 10, 10, 11], "texture": "#3"},
				"west": {"uv": [6, 6, 7, 7], "texture": "#3"},
				"up": {"uv": [6, 5, 8, 4], "texture": "#3"},
				"down": {"uv": [9, 5, 11, 6], "texture": "#3"}
			}
		},
		{
			"from": [0, 0, 15],
			"to": [1, 1, 16],
			"faces": {
				"north": {"uv": [1, 1, 15, 15], "texture": "#5"},
				"east": {"uv": [1, 1, 15, 15], "texture": "#5"},
				"south": {"uv": [1, 1, 15, 15], "texture": "#5"},
				"west": {"uv": [1, 1, 15, 15], "texture": "#5"},
				"up": {"uv": [1, 1, 15, 15], "texture": "#5"},
				"down": {"uv": [1, 1, 15, 15], "texture": "#5"}
			}
		},
		{
			"from": [15, 0, 15],
			"to": [16, 1, 16],
			"faces": {
				"north": {"uv": [1, 1, 15, 15], "texture": "#5"},
				"east": {"uv": [1, 1, 15, 15], "texture": "#5"},
				"south": {"uv": [1, 1, 15, 15], "texture": "#5"},
				"west": {"uv": [1, 1, 15, 15], "texture": "#5"},
				"up": {"uv": [1, 1, 15, 15], "texture": "#5"},
				"down": {"uv": [1, 1, 15, 15], "texture": "#5"}
			}
		},
		{
			"from": [15, 0, 0],
			"to": [16, 1, 1],
			"faces": {
				"north": {"uv": [1, 1, 15, 15], "texture": "#5"},
				"east": {"uv": [1, 1, 15, 15], "texture": "#5"},
				"south": {"uv": [1, 1, 15, 15], "texture": "#5"},
				"west": {"uv": [1, 1, 15, 15], "texture": "#5"},
				"up": {"uv": [1, 1, 15, 15], "texture": "#5"},
				"down": {"uv": [1, 1, 15, 15], "texture": "#5"}
			}
		},
		{
			"from": [0, 0, 0],
			"to": [1, 1, 1],
			"faces": {
				"north": {"uv": [1, 1, 15, 15], "texture": "#5"},
				"east": {"uv": [1, 1, 15, 15], "texture": "#5"},
				"south": {"uv": [1, 1, 15, 15], "texture": "#5"},
				"west": {"uv": [1, 1, 15, 15], "texture": "#5"},
				"up": {"uv": [1, 1, 15, 15], "texture": "#5"},
				"down": {"uv": [1, 1, 15, 15], "texture": "#5"}
			}
		},
		{
			"from": [0, 1, 0],
			"to": [1, 2, 1],
			"faces": {
				"north": {"uv": [1, 1, 15, 15], "texture": "#4"},
				"east": {"uv": [1, 1, 15, 15], "texture": "#4"},
				"south": {"uv": [1, 1, 15, 15], "texture": "#4"},
				"west": {"uv": [1, 1, 15, 15], "texture": "#4"},
				"up": {"uv": [1, 1, 15, 15], "texture": "#4"},
				"down": {"uv": [1, 1, 15, 15], "texture": "#4"}
			}
		},
		{
			"from": [1, 1, 0],
			"to": [2, 2, 1],
			"faces": {
				"north": {"uv": [1, 1, 15, 15], "texture": "#4"},
				"east": {"uv": [1, 1, 15, 15], "texture": "#4"},
				"south": {"uv": [1, 1, 15, 15], "texture": "#4"},
				"west": {"uv": [1, 1, 15, 15], "texture": "#4"},
				"up": {"uv": [1, 1, 15, 15], "texture": "#4"},
				"down": {"uv": [1, 1, 15, 15], "texture": "#4"}
			}
		},
		{
			"from": [0, 1, 1],
			"to": [1, 2, 2],
			"rotation": {"angle": 0, "axis": "y", "origin": [0, 2, 0]},
			"faces": {
				"north": {"uv": [1, 1, 15, 15], "texture": "#4"},
				"east": {"uv": [1, 1, 15, 15], "texture": "#4"},
				"south": {"uv": [1, 1, 15, 15], "texture": "#4"},
				"west": {"uv": [1, 1, 15, 15], "texture": "#4"},
				"up": {"uv": [1, 1, 15, 15], "texture": "#4"},
				"down": {"uv": [1, 1, 15, 15], "texture": "#4"}
			}
		},
		{
			"from": [5.5, 1, 0],
			"to": [6.5, 3, 1],
			"faces": {
				"north": {"uv": [0, 0, 1, 2], "texture": "#2"},
				"east": {"uv": [0, 0, 1, 2], "texture": "#2"},
				"south": {"uv": [0, 0, 1, 2], "texture": "#2"},
				"west": {"uv": [0, 0, 1, 2], "texture": "#2"},
				"up": {"uv": [0, 0, 1, 1], "texture": "#2"},
				"down": {"uv": [0, 0, 1, 1], "texture": "#2"}
			}
		},
		{
			"from": [7.75, 1, 0],
			"to": [8.75, 4, 1],
			"faces": {
				"north": {"uv": [0, 0, 1, 3], "texture": "#2"},
				"east": {"uv": [0, 0, 1, 3], "texture": "#2"},
				"south": {"uv": [0, 0, 1, 3], "texture": "#2"},
				"west": {"uv": [0, 0, 1, 3], "texture": "#2"},
				"up": {"uv": [0, 0, 1, 1], "texture": "#2"},
				"down": {"uv": [0, 0, 1, 1], "texture": "#2"}
			}
		},
		{
			"from": [9.75, 1, 0],
			"to": [10.75, 3, 1],
			"faces": {
				"north": {"uv": [0, 0, 1, 2], "texture": "#2"},
				"east": {"uv": [0, 0, 1, 2], "texture": "#2"},
				"south": {"uv": [0, 0, 1, 2], "texture": "#2"},
				"west": {"uv": [0, 0, 1, 2], "texture": "#2"},
				"up": {"uv": [0, 0, 1, 1], "texture": "#2"},
				"down": {"uv": [0, 0, 1, 1], "texture": "#2"}
			}
		},
		{
			"from": [15, 2, 0],
			"to": [16, 3, 1],
			"faces": {
				"north": {"uv": [1, 1, 15, 15], "texture": "#4"},
				"east": {"uv": [1, 1, 15, 15], "texture": "#4"},
				"south": {"uv": [15, 1, 1, 15], "texture": "#4"},
				"west": {"uv": [1, 1, 15, 15], "texture": "#4"},
				"up": {"uv": [1, 1, 15, 15], "texture": "#4"},
				"down": {"uv": [1, 1, 15, 15], "texture": "#4"}
			}
		},
		{
			"from": [14, 1, 0],
			"to": [15, 2, 1],
			"faces": {
				"north": {"uv": [1, 1, 15, 15], "texture": "#4"},
				"east": {"uv": [1, 1, 15, 15], "texture": "#4"},
				"south": {"uv": [1, 1, 15, 15], "texture": "#4"},
				"west": {"uv": [1, 1, 15, 15], "texture": "#4"},
				"up": {"uv": [1, 1, 15, 15], "texture": "#4"},
				"down": {"uv": [1, 1, 15, 15], "texture": "#4"}
			}
		},
		{
			"from": [15, 1, 1],
			"to": [16, 2, 2],
			"faces": {
				"north": {"uv": [1, 1, 15, 15], "texture": "#4"},
				"east": {"uv": [1, 1, 15, 15], "texture": "#4"},
				"south": {"uv": [1, 1, 15, 15], "texture": "#4"},
				"west": {"uv": [1, 15, 15, 1], "texture": "#4"},
				"up": {"uv": [1, 1, 15, 15], "texture": "#4"},
				"down": {"uv": [1, 1, 15, 15], "texture": "#4"}
			}
		},
		{
			"from": [15, 1, 0],
			"to": [16, 2, 1],
			"faces": {
				"north": {"uv": [1, 1, 15, 15], "texture": "#4"},
				"east": {"uv": [1, 1, 15, 15], "texture": "#4"},
				"south": {"uv": [1, 1, 15, 15], "texture": "#4"},
				"west": {"uv": [1, 1, 15, 15], "texture": "#4"},
				"up": {"uv": [15, 1, 1, 15], "texture": "#4"},
				"down": {"uv": [1, 1, 15, 15], "texture": "#4"}
			}
		},
		{
			"from": [0, 2, 0],
			"to": [1, 3, 1],
			"faces": {
				"north": {"uv": [1, 1, 15, 15], "texture": "#4"},
				"east": {"uv": [1, 1, 15, 15], "texture": "#4"},
				"south": {"uv": [1, 1, 15, 15], "texture": "#4"},
				"west": {"uv": [1, 1, 15, 15], "texture": "#4"},
				"up": {"uv": [15, 1, 1, 15], "texture": "#4"},
				"down": {"uv": [1, 1, 15, 15], "texture": "#4"}
			}
		},
		{
			"from": [12, 1, 0],
			"to": [13, 2, 1],
			"faces": {
				"north": {"uv": [0, 0, 1, 1], "texture": "#2"},
				"east": {"uv": [0, 0, 1, 1], "texture": "#2"},
				"south": {"uv": [0, 0, 1, 1], "texture": "#2"},
				"west": {"uv": [0, 0, 1, 1], "texture": "#2"},
				"up": {"uv": [0, 0, 1, 1], "texture": "#2"},
				"down": {"uv": [0, 0, 1, 1], "texture": "#2"}
			}
		},
		{
			"from": [3, 1, 0],
			"to": [4, 2, 1],
			"faces": {
				"north": {"uv": [0, 0, 1, 1], "texture": "#2"},
				"east": {"uv": [0, 0, 1, 1], "texture": "#2"},
				"south": {"uv": [0, 0, 1, 1], "texture": "#2"},
				"west": {"uv": [0, 0, 1, 1], "texture": "#2"},
				"up": {"uv": [0, 0, 1, 1], "texture": "#2"},
				"down": {"uv": [0, 0, 1, 1], "texture": "#2"}
			}
		},
		{
			"from": [15, 1, 15],
			"to": [16, 2, 16],
			"faces": {
				"north": {"uv": [1, 1, 15, 15], "texture": "#4"},
				"east": {"uv": [1, 1, 15, 15], "texture": "#4"},
				"south": {"uv": [1, 1, 15, 15], "texture": "#4"},
				"west": {"uv": [1, 1, 15, 15], "texture": "#4"},
				"up": {"uv": [1, 1, 15, 15], "texture": "#4"},
				"down": {"uv": [1, 1, 15, 15], "texture": "#4"}
			}
		},
		{
			"from": [15, 1, 14],
			"to": [16, 2, 15],
			"faces": {
				"north": {"uv": [1, 1, 15, 15], "texture": "#4"},
				"east": {"uv": [1, 1, 15, 15], "texture": "#4"},
				"south": {"uv": [1, 1, 15, 15], "texture": "#4"},
				"west": {"uv": [1, 1, 15, 15], "texture": "#4"},
				"up": {"uv": [1, 1, 15, 15], "texture": "#4"},
				"down": {"uv": [1, 1, 15, 15], "texture": "#4"}
			}
		},
		{
			"from": [15, 2, 15],
			"to": [16, 3, 16],
			"faces": {
				"north": {"uv": [1, 1, 15, 15], "texture": "#4"},
				"east": {"uv": [1, 1, 15, 15], "texture": "#4"},
				"south": {"uv": [1, 1, 15, 15], "texture": "#4"},
				"west": {"uv": [1, 1, 15, 15], "texture": "#4"},
				"up": {"uv": [1, 1, 15, 15], "texture": "#4"},
				"down": {"uv": [1, 1, 15, 15], "texture": "#4"}
			}
		},
		{
			"from": [14, 1, 15],
			"to": [15, 2, 16],
			"faces": {
				"north": {"uv": [1, 1, 15, 15], "texture": "#4"},
				"east": {"uv": [1, 1, 15, 15], "texture": "#4"},
				"south": {"uv": [1, 1, 15, 15], "texture": "#4"},
				"west": {"uv": [1, 1, 15, 15], "texture": "#4"},
				"up": {"uv": [1, 1, 15, 15], "texture": "#4"},
				"down": {"uv": [1, 1, 15, 15], "texture": "#4"}
			}
		},
		{
			"from": [0, 1, 15],
			"to": [1, 2, 16],
			"faces": {
				"north": {"uv": [1, 1, 15, 15], "texture": "#4"},
				"east": {"uv": [1, 1, 15, 15], "texture": "#4"},
				"south": {"uv": [1, 1, 15, 15], "texture": "#4"},
				"west": {"uv": [1, 1, 15, 15], "texture": "#4"},
				"up": {"uv": [1, 1, 15, 15], "texture": "#4"},
				"down": {"uv": [1, 1, 15, 15], "texture": "#4"}
			}
		},
		{
			"from": [1, 1, 15],
			"to": [2, 2, 16],
			"faces": {
				"north": {"uv": [1, 1, 15, 15], "texture": "#4"},
				"east": {"uv": [1, 1, 15, 15], "texture": "#4"},
				"south": {"uv": [1, 1, 15, 15], "texture": "#4"},
				"west": {"uv": [1, 1, 15, 15], "texture": "#4"},
				"up": {"uv": [1, 1, 15, 15], "texture": "#4"},
				"down": {"uv": [1, 1, 15, 15], "texture": "#4"}
			}
		},
		{
			"from": [0, 1, 14],
			"to": [1, 2, 15],
			"faces": {
				"north": {"uv": [0, 0, 1, 1], "texture": "#2"},
				"east": {"uv": [0, 0, 1, 1], "texture": "#2"},
				"south": {"uv": [0, 0, 1, 1], "texture": "#2"},
				"west": {"uv": [0, 0, 1, 1], "texture": "#2"},
				"up": {"uv": [0, 0, 1, 1], "texture": "#2"},
				"down": {"uv": [0, 0, 1, 1], "texture": "#2"}
			}
		},
		{
			"from": [0, 2, 15],
			"to": [1, 3, 16],
			"faces": {
				"north": {"uv": [1, 1, 15, 15], "texture": "#4"},
				"east": {"uv": [1, 1, 15, 15], "texture": "#4"},
				"south": {"uv": [1, 1, 15, 15], "texture": "#4"},
				"west": {"uv": [1, 1, 15, 15], "texture": "#4"},
				"up": {"uv": [1, 1, 15, 15], "texture": "#4"},
				"down": {"uv": [1, 1, 15, 15], "texture": "#4"}
			}
		},
		{
			"from": [7.75, 1, 15],
			"to": [8.75, 4, 16],
			"faces": {
				"north": {"uv": [0, 0, 1, 3], "texture": "#2"},
				"east": {"uv": [0, 0, 1, 3], "texture": "#2"},
				"south": {"uv": [0, 0, 1, 3], "texture": "#2"},
				"west": {"uv": [0, 0, 1, 3], "texture": "#2"},
				"up": {"uv": [0, 0, 1, 1], "texture": "#2"},
				"down": {"uv": [0, 0, 1, 1], "texture": "#2"}
			}
		},
		{
			"from": [5.5, 1, 15],
			"to": [6.5, 3, 16],
			"faces": {
				"north": {"uv": [0, 0, 1, 2], "texture": "#2"},
				"east": {"uv": [0, 0, 1, 2], "texture": "#2"},
				"south": {"uv": [0, 0, 1, 2], "texture": "#2"},
				"west": {"uv": [0, 0, 1, 2], "texture": "#2"},
				"up": {"uv": [0, 0, 1, 1], "texture": "#2"},
				"down": {"uv": [0, 0, 1, 1], "texture": "#2"}
			}
		},
		{
			"from": [9.75, 1, 15],
			"to": [10.75, 3, 16],
			"faces": {
				"north": {"uv": [0, 0, 1, 2], "texture": "#2"},
				"east": {"uv": [0, 0, 1, 2], "texture": "#2"},
				"south": {"uv": [0, 0, 1, 2], "texture": "#2"},
				"west": {"uv": [0, 0, 1, 2], "texture": "#2"},
				"up": {"uv": [0, 0, 1, 1], "texture": "#2"},
				"down": {"uv": [0, 0, 1, 1], "texture": "#2"}
			}
		},
		{
			"from": [12, 1, 15],
			"to": [13, 2, 16],
			"faces": {
				"north": {"uv": [0, 0, 1, 1], "texture": "#2"},
				"east": {"uv": [0, 0, 1, 1], "texture": "#2"},
				"south": {"uv": [0, 0, 1, 1], "texture": "#2"},
				"west": {"uv": [0, 0, 1, 1], "texture": "#2"},
				"up": {"uv": [0, 0, 1, 1], "texture": "#2"},
				"down": {"uv": [0, 0, 1, 1], "texture": "#2"}
			}
		},
		{
			"from": [3, 1, 15],
			"to": [4, 2, 16],
			"faces": {
				"north": {"uv": [0, 0, 1, 1], "texture": "#2"},
				"east": {"uv": [0, 0, 1, 1], "texture": "#2"},
				"south": {"uv": [0, 0, 1, 1], "texture": "#2"},
				"west": {"uv": [0, 0, 1, 1], "texture": "#2"},
				"up": {"uv": [0, 0, 1, 1], "texture": "#2"},
				"down": {"uv": [0, 0, 1, 1], "texture": "#2"}
			}
		},
		{
			"from": [15, 1, 7.75],
			"to": [16, 4, 8.75],
			"faces": {
				"north": {"uv": [0, 0, 1, 3], "texture": "#2"},
				"east": {"uv": [0, 0, 1, 3], "texture": "#2"},
				"south": {"uv": [0, 0, 1, 3], "texture": "#2"},
				"west": {"uv": [0, 0, 1, 3], "texture": "#2"},
				"up": {"uv": [0, 0, 1, 1], "texture": "#2"},
				"down": {"uv": [0, 0, 1, 1], "texture": "#2"}
			}
		},
		{
			"from": [15, 1, 12],
			"to": [16, 2, 13],
			"faces": {
				"north": {"uv": [0, 0, 1, 1], "texture": "#2"},
				"east": {"uv": [0, 0, 1, 1], "texture": "#2"},
				"south": {"uv": [0, 0, 1, 1], "texture": "#2"},
				"west": {"uv": [0, 0, 1, 1], "texture": "#2"},
				"up": {"uv": [0, 0, 1, 1], "texture": "#2"},
				"down": {"uv": [0, 0, 1, 1], "texture": "#2"}
			}
		},
		{
			"from": [15, 1, 10],
			"to": [16, 3, 11],
			"faces": {
				"north": {"uv": [0, 0, 1, 2], "texture": "#2"},
				"east": {"uv": [0, 0, 1, 2], "texture": "#2"},
				"south": {"uv": [0, 0, 1, 2], "texture": "#2"},
				"west": {"uv": [0, 0, 1, 2], "texture": "#2"},
				"up": {"uv": [0, 0, 1, 1], "texture": "#2"},
				"down": {"uv": [0, 0, 1, 1], "texture": "#2"}
			}
		},
		{
			"from": [15, 1, 5.5],
			"to": [16, 3, 6.5],
			"faces": {
				"north": {"uv": [0, 0, 1, 2], "texture": "#2"},
				"east": {"uv": [0, 0, 1, 2], "texture": "#2"},
				"south": {"uv": [0, 0, 1, 2], "texture": "#2"},
				"west": {"uv": [0, 0, 1, 2], "texture": "#2"},
				"up": {"uv": [0, 0, 1, 1], "texture": "#2"},
				"down": {"uv": [0, 0, 1, 1], "texture": "#2"}
			}
		},
		{
			"from": [15, 1, 3.25],
			"to": [16, 2, 4.25],
			"faces": {
				"north": {"uv": [0, 0, 1, 1], "texture": "#2"},
				"east": {"uv": [0, 0, 1, 1], "texture": "#2"},
				"south": {"uv": [0, 0, 1, 1], "texture": "#2"},
				"west": {"uv": [0, 0, 1, 1], "texture": "#2"},
				"up": {"uv": [0, 0, 1, 1], "texture": "#2"},
				"down": {"uv": [0, 0, 1, 1], "texture": "#2"}
			}
		},
		{
			"from": [0, 1, 7.75],
			"to": [1, 4, 8.75],
			"faces": {
				"north": {"uv": [0, 0, 1, 3], "texture": "#2"},
				"east": {"uv": [0, 0, 1, 3], "texture": "#2"},
				"south": {"uv": [0, 0, 1, 3], "texture": "#2"},
				"west": {"uv": [0, 0, 1, 3], "texture": "#2"},
				"up": {"uv": [0, 0, 1, 1], "texture": "#2"},
				"down": {"uv": [0, 0, 1, 1], "texture": "#2"}
			}
		},
		{
			"from": [0, 1, 5.5],
			"to": [1, 3, 6.5],
			"faces": {
				"north": {"uv": [0, 0, 1, 2], "texture": "#2"},
				"east": {"uv": [0, 0, 1, 2], "texture": "#2"},
				"south": {"uv": [0, 0, 1, 2], "texture": "#2"},
				"west": {"uv": [0, 0, 1, 2], "texture": "#2"},
				"up": {"uv": [0, 0, 1, 1], "texture": "#2"},
				"down": {"uv": [0, 0, 1, 1], "texture": "#2"}
			}
		},
		{
			"from": [0, 1, 3.25],
			"to": [1, 2, 4.25],
			"faces": {
				"north": {"uv": [0, 0, 1, 1], "texture": "#2"},
				"east": {"uv": [0, 0, 1, 1], "texture": "#2"},
				"south": {"uv": [0, 0, 1, 1], "texture": "#2"},
				"west": {"uv": [0, 0, 1, 1], "texture": "#2"},
				"up": {"uv": [0, 0, 1, 1], "texture": "#2"},
				"down": {"uv": [0, 0, 1, 1], "texture": "#2"}
			}
		},
		{
			"from": [0, 1, 10],
			"to": [1, 3, 11],
			"faces": {
				"north": {"uv": [0, 0, 1, 2], "texture": "#2"},
				"east": {"uv": [0, 0, 1, 2], "texture": "#2"},
				"south": {"uv": [0, 0, 1, 2], "texture": "#2"},
				"west": {"uv": [0, 0, 1, 2], "texture": "#2"},
				"up": {"uv": [0, 0, 1, 1], "texture": "#2"},
				"down": {"uv": [0, 0, 1, 1], "texture": "#2"}
			}
		},
		{
			"from": [0, 1, 12],
			"to": [1, 2, 13],
			"faces": {
				"north": {"uv": [0, 0, 1, 1], "texture": "#2"},
				"east": {"uv": [0, 0, 1, 1], "texture": "#2"},
				"south": {"uv": [0, 0, 1, 1], "texture": "#2"},
				"west": {"uv": [0, 0, 1, 1], "texture": "#2"},
				"up": {"uv": [0, 0, 1, 1], "texture": "#2"},
				"down": {"uv": [0, 0, 1, 1], "texture": "#2"}
			}
		}
	],
	"display": {
		"thirdperson_righthand": {
			"translation": [0, 3, 0],
			"scale": [0.44, 0.38, 0.4]
		},
		"thirdperson_lefthand": {
			"translation": [0, 3, 0],
			"scale": [0.44, 0.38, 0.4]
		},
		"firstperson_righthand": {
			"rotation": [22, 0, 0],
			"translation": [-9.25, 12, -2],
			"scale": [0.88, 0.88, 0.89]
		},
		"firstperson_lefthand": {
			"rotation": [22, 0, 0],
			"translation": [-9, 12, -2],
			"scale": [0.88, 0.88, 0.89]
		},
		"ground": {
			"translation": [0, 8, 0]
		},
		"gui": {
			"rotation": [38, -24, 0],
			"translation": [0, 4.5, 0],
			"scale": [0.75328, 0.75328, 0.75328]
		},
		"head": {
			"translation": [0, 11.25, 0],
			"scale": [1.01758, 0.95703, 1.01953]
		},
		"fixed": {
			"rotation": [-90, 0, 0],
			"translation": [0, 0.25, -8.5],
			"scale": [1, 1.01758, 1]
		}
	},
	"groups": [
		{
			"name": "podtawa",
			"origin": [8, 8, 8],
			"color": 0,
			"children": [0, 1, 2, 3, 4, 5, 6, 7, 8, 9, 10, 11, 12, 13, 14, 15, 16, 17]
		},
		{
			"name": "Detale 1",
			"origin": [0, 0, 0],
			"color": 0,
			"children": [18, 19, 20, 21, 22, 23, 24, 25, 26, 27, 28, 29, 30, 31, 32, 33, 34, 35, 36, 37, 38, 39, 40, 41, 42, 43, 44, 45, 46, 47, 48, 49, 50, 51, 52, 53]
		}
	]
}