{
	"credit": "Made with Blockbench",
	"texture_size": [64, 64],
	"textures": {
		"1": "headset",
		"particle": "block/black_shulker_box"
	},
	"elements": [
		{
			"from": [0, 0, 0],
			"to": [16, 8, 6],
			"rotation": {"angle": 0, "axis": "y", "origin": [0, 8, 0]},
			"faces": {
				"north": {"uv": [0, 0, 4, 2], "texture": "#1"},
				"east": {"uv": [4, 1.5, 5.5, 3.5], "texture": "#1"},
				"south": {"uv": [0, 2, 4, 4], "texture": "#1"},
				"west": {"uv": [4, 3.5, 5.5, 5.5], "texture": "#1"},
				"up": {"uv": [4, 5.5, 0, 4], "texture": "#1"},
				"down": {"uv": [8, 0, 4, 1.5], "texture": "#1"}
			}
		},
		{
			"from": [0, 0, 6],
			"to": [6, 1, 7],
			"faces": {
				"north": {"uv": [6, 3.5, 7.5, 3.75], "texture": "#1"},
				"east": {"uv": [5, 7, 5.25, 7.25], "texture": "#1"},
				"south": {"uv": [6, 3.75, 7.5, 4], "texture": "#1"},
				"west": {"uv": [5.25, 7, 5.5, 7.25], "texture": "#1"},
				"up": {"uv": [7.5, 4.25, 6, 4], "texture": "#1"},
				"down": {"uv": [7.5, 4.25, 6, 4.5], "texture": "#1"}
			}
		},
		{
			"from": [10, 0, 6],
			"to": [16, 1, 7],
			"faces": {
				"north": {"uv": [6, 4.5, 7.5, 4.75], "texture": "#1"},
				"east": {"uv": [6.25, 7, 6.5, 7.25], "texture": "#1"},
				"south": {"uv": [6, 4.75, 7.5, 5], "texture": "#1"},
				"west": {"uv": [7, 6.5, 7.25, 6.75], "texture": "#1"},
				"up": {"uv": [1.75, 6.5, 0.25, 6.25], "texture": "#1"},
				"down": {"uv": [3.25, 6.25, 1.75, 6.5], "texture": "#1"}
			}
		},
		{
			"from": [15, 1, 6],
			"to": [16, 7, 8],
			"rotation": {"angle": 0, "axis": "y", "origin": [-1, 1, 1]},
			"faces": {
				"north": {"uv": [3.25, 6.25, 3.5, 7.75], "texture": "#1"},
				"east": {"uv": [5.5, 3.5, 6, 5], "texture": "#1"},
				"south": {"uv": [3.5, 6.25, 3.75, 7.75], "texture": "#1"},
				"west": {"uv": [4, 5.5, 4.5, 7], "texture": "#1"},
				"up": {"uv": [4.25, 7.5, 4, 7], "texture": "#1"},
				"down": {"uv": [4.5, 7, 4.25, 7.5], "texture": "#1"}
			}
		},
		{
			"from": [0, 1, 6],
			"to": [1, 7, 8],
			"rotation": {"angle": 0, "axis": "y", "origin": [-1, 1, 1]},
			"faces": {
				"north": {"uv": [3.75, 6.25, 4, 7.75], "texture": "#1"},
				"east": {"uv": [4.5, 5.5, 5, 7], "texture": "#1"},
				"south": {"uv": [6.25, 5.5, 6.5, 7], "texture": "#1"},
				"west": {"uv": [5, 5.5, 5.5, 7], "texture": "#1"},
				"up": {"uv": [4.75, 7.5, 4.5, 7], "texture": "#1"},
				"down": {"uv": [5, 7, 4.75, 7.5], "texture": "#1"}
			}
		},
		{
			"from": [0, 7, 6],
			"to": [16, 8, 8],
			"faces": {
				"north": {"uv": [5.5, 2, 9.5, 2.25], "texture": "#1"},
				"east": {"uv": [1.75, 7, 2.25, 7.25], "texture": "#1"},
				"south": {"uv": [5.5, 2.25, 9.5, 2.5], "texture": "#1"},
				"west": {"uv": [2.25, 7, 2.75, 7.25], "texture": "#1"},
				"up": {"uv": [4, 6, 0, 5.5], "texture": "#1"},
				"down": {"uv": [9.5, 1.5, 5.5, 2], "texture": "#1"}
			}
		},
		{
			"from": [0, 4, 8],
			"to": [1, 5, 16],
			"faces": {
				"north": {"uv": [7, 6.75, 7.25, 7], "texture": "#1"},
				"east": {"uv": [5.5, 5, 7.5, 5.25], "texture": "#1"},
				"south": {"uv": [7, 7, 7.25, 7.25], "texture": "#1"},
				"west": {"uv": [5.5, 5.25, 7.5, 5.5], "texture": "#1"},
				"up": {"uv": [5.75, 7.5, 5.5, 5.5], "texture": "#1"},
				"down": {"uv": [6, 5.5, 5.75, 7.5], "texture": "#1"}
			}
		},
		{
			"from": [15, 4, 8],
			"to": [16, 5, 16],
			"faces": {
				"north": {"uv": [1.75, 7.25, 2, 7.5], "texture": "#1"},
				"east": {"uv": [0, 6, 2, 6.25], "texture": "#1"},
				"south": {"uv": [2, 7.25, 2.25, 7.5], "texture": "#1"},
				"west": {"uv": [2, 6, 4, 6.25], "texture": "#1"},
				"up": {"uv": [6.25, 7.5, 6, 5.5], "texture": "#1"},
				"down": {"uv": [0.25, 6.25, 0, 8.25], "texture": "#1"}
			}
		},
		{
			"from": [0, 4, 16],
			"to": [16, 5, 17],
			"faces": {
				"north": {"uv": [5.5, 2.5, 9.5, 2.75], "texture": "#1"},
				"east": {"uv": [2.25, 7.25, 2.5, 7.5], "texture": "#1"},
				"south": {"uv": [5.5, 2.75, 9.5, 3], "texture": "#1"},
				"west": {"uv": [2.5, 7.25, 2.75, 7.5], "texture": "#1"},
				"up": {"uv": [9.5, 3.25, 5.5, 3], "texture": "#1"},
				"down": {"uv": [9.5, 3.25, 5.5, 3.5], "texture": "#1"}
			}
		},
		{
			"from": [7.5, 5, 16],
			"to": [8.5, 11, 17],
			"faces": {
				"north": {"uv": [0.25, 6.5, 0.5, 8], "texture": "#1"},
				"east": {"uv": [0.5, 6.5, 0.75, 8], "texture": "#1"},
				"south": {"uv": [0.75, 6.5, 1, 8], "texture": "#1"},
				"west": {"uv": [1, 6.5, 1.25, 8], "texture": "#1"},
				"up": {"uv": [5.25, 7.5, 5, 7.25], "texture": "#1"},
				"down": {"uv": [5.5, 7.25, 5.25, 7.5], "texture": "#1"}
			}
		},
		{
			"from": [7.5, 10, 11.25],
			"to": [8.5, 11, 16.25],
			"rotation": {"angle": 22.5, "axis": "x", "origin": [7, 9, 17]},
			"faces": {
				"north": {"uv": [6.25, 7.25, 6.5, 7.5], "texture": "#1"},
				"east": {"uv": [6.5, 5.75, 7.75, 6], "texture": "#1"},
				"south": {"uv": [7.25, 6.5, 7.5, 6.75], "texture": "#1"},
				"west": {"uv": [6.5, 6, 7.75, 6.25], "texture": "#1"},
				"up": {"uv": [6.75, 7.5, 6.5, 6.25], "texture": "#1"},
				"down": {"uv": [1.5, 6.75, 1.25, 8], "texture": "#1"}
			}
		},
		{
			"from": [7.5, 12.14178, 7.26745],
			"to": [8.5, 13.14178, 12.51745],
			"rotation": {"angle": 0, "axis": "y", "origin": [7, 12, 12]},
			"faces": {
				"north": {"uv": [7.25, 6.75, 7.5, 7], "texture": "#1"},
				"east": {"uv": [1.5, 6.75, 2.75, 7], "texture": "#1"},
				"south": {"uv": [7, 7.25, 7.25, 7.5], "texture": "#1"},
				"west": {"uv": [6.75, 6.25, 8, 6.5], "texture": "#1"},
				"up": {"uv": [7, 7.75, 6.75, 6.5], "texture": "#1"},
				"down": {"uv": [1.75, 7, 1.5, 8.25], "texture": "#1"}
			}
		},
		{
			"from": [7.5, 12.09774, 2.29959],
			"to": [8.5, 13.09774, 8.04959],
			"rotation": {"angle": -45, "axis": "x", "origin": [7, 12.20597, 7.78214]},
			"faces": {
				"north": {"uv": [7.25, 7, 7.5, 7.25], "texture": "#1"},
				"east": {"uv": [1.25, 6.5, 2.75, 6.75], "texture": "#1"},
				"south": {"uv": [7.25, 7.25, 7.5, 7.5], "texture": "#1"},
				"west": {"uv": [6.5, 5.5, 8, 5.75], "texture": "#1"},
				"up": {"uv": [3, 8, 2.75, 6.5], "texture": "#1"},
				"down": {"uv": [3.25, 6.5, 3, 8], "texture": "#1"}
			}
		},
		{
			"from": [7.5, 7.92316, 3.26168],
			"to": [8.5, 8.92316, 4.26168],
			"rotation": {"angle": 0, "axis": "y", "origin": [7, 10.20597, 2.78214]},
			"faces": {
				"north": {"uv": [1.75, 7.5, 2, 7.75], "texture": "#1"},
				"east": {"uv": [2, 7.5, 2.25, 7.75], "texture": "#1"},
				"south": {"uv": [2.25, 7.5, 2.5, 7.75], "texture": "#1"},
				"west": {"uv": [2.5, 7.5, 2.75, 7.75], "texture": "#1"},
				"up": {"uv": [7.75, 3.75, 7.5, 3.5], "texture": "#1"},
				"down": {"uv": [7.75, 3.75, 7.5, 4], "texture": "#1"}
			}
		}
	],
	"display": {
		"thirdperson_righthand": {
			"translation": [0, 2, 2.25],
			"scale": [0.54883, 0.47852, 0.4043]
		},
		"thirdperson_lefthand": {
			"translation": [0, 2, 2.25],
			"scale": [0.54883, 0.47852, 0.4043]
		},
		"firstperson_righthand": {
			"translation": [0, 0.25, 0]
		},
		"firstperson_lefthand": {
			"translation": [0, 0.25, 0]
		},
		"ground": {
			"translation": [0, 1.5, 0],
			"scale": [0.61, 0.61, 0.58]
		},
		"gui": {
			"rotation": [-161.15, -36.81, 151.46],
			"translation": [-1, 2.25, 0],
			"scale": [0.83984, 0.75391, 0.8418]
		},
		"head": {
			"translation": [0, 7, -1.5],
			"scale": [1.06445, 1.07617, 1]
		},
		"fixed": {
			"scale": [1, 1, 0]
		}
	}
}