{
	"credit": "Made with Blockbench",
	"texture_size": [64, 64],
	"textures": {
		"3": "wucket",
		"particle": "block/anvil"
	},
	"elements": [
		{
			"from": [1, 0, 1],
			"to": [2, 12, 15],
			"faces": {
				"north": {"uv": [1.25, 10, 1.5, 13], "texture": "#3"},
				"east": {"uv": [3.5, 0, 7, 3], "texture": "#3"},
				"south": {"uv": [1.5, 10, 1.75, 13], "texture": "#3"},
				"west": {"uv": [3.5, 3, 7, 6], "texture": "#3"},
				"up": {"uv": [0.5, 13.5, 0.25, 10], "texture": "#3"},
				"down": {"uv": [0.75, 10, 0.5, 13.5], "texture": "#3"}
			}
		},
		{
			"from": [14, 0, 1],
			"to": [15, 12, 15],
			"faces": {
				"north": {"uv": [1.75, 10, 2, 13], "texture": "#3"},
				"east": {"uv": [3.5, 6, 7, 9], "texture": "#3"},
				"south": {"uv": [2, 10, 2.25, 13], "texture": "#3"},
				"west": {"uv": [0, 7, 3.5, 10], "texture": "#3"},
				"up": {"uv": [1, 13.5, 0.75, 10], "texture": "#3"},
				"down": {"uv": [1.25, 10, 1, 13.5], "texture": "#3"}
			}
		},
		{
			"from": [2, 0, 1],
			"to": [14, 12, 2],
			"faces": {
				"north": {"uv": [7, 0, 10, 3], "texture": "#3"},
				"east": {"uv": [2.25, 10, 2.5, 13], "texture": "#3"},
				"south": {"uv": [7, 3, 10, 6], "texture": "#3"},
				"west": {"uv": [2.5, 10, 2.75, 13], "texture": "#3"},
				"up": {"uv": [13, 8, 10, 7.75], "texture": "#3"},
				"down": {"uv": [13, 8, 10, 8.25], "texture": "#3"}
			}
		},
		{
			"from": [2, 0, 14],
			"to": [14, 12, 15],
			"faces": {
				"north": {"uv": [7, 6, 10, 9], "texture": "#3"},
				"east": {"uv": [2.75, 10, 3, 13], "texture": "#3"},
				"south": {"uv": [3.5, 9, 6.5, 12], "texture": "#3"},
				"west": {"uv": [3, 10, 3.25, 13], "texture": "#3"},
				"up": {"uv": [13, 8.5, 10, 8.25], "texture": "#3"},
				"down": {"uv": [13, 8.5, 10, 8.75], "texture": "#3"}
			}
		},
		{
			"from": [1, 12, 1],
			"to": [15, 13, 15],
			"faces": {
				"north": {"uv": [10, 4, 13.5, 4.25], "texture": "#3"},
				"east": {"uv": [10, 4.25, 13.5, 4.5], "texture": "#3"},
				"south": {"uv": [10, 4.5, 13.5, 4.75], "texture": "#3"},
				"west": {"uv": [10, 4.75, 13.5, 5], "texture": "#3"},
				"up": {"uv": [3.5, 3.5, 0, 0], "texture": "#3"},
				"down": {"uv": [3.5, 3.5, 0, 7], "texture": "#3"}
			}
		},
		{
			"from": [0, 0, 0],
			"to": [1, 1, 16],
			"faces": {
				"north": {"uv": [10.5, 2.75, 10.75, 3], "texture": "#3"},
				"east": {"uv": [6.5, 9, 10.5, 9.25], "texture": "#3"},
				"south": {"uv": [10.5, 9, 10.75, 9.25], "texture": "#3"},
				"west": {"uv": [6.5, 9.25, 10.5, 9.5], "texture": "#3"},
				"up": {"uv": [6.75, 13.5, 6.5, 9.5], "texture": "#3"},
				"down": {"uv": [7, 9.5, 6.75, 13.5], "texture": "#3"}
			}
		},
		{
			"from": [15, 0, 0],
			"to": [16, 1, 16],
			"faces": {
				"north": {"uv": [10.5, 9.25, 10.75, 9.5], "texture": "#3"},
				"east": {"uv": [7, 9.5, 11, 9.75], "texture": "#3"},
				"south": {"uv": [10.5, 10, 10.75, 10.25], "texture": "#3"},
				"west": {"uv": [7, 9.75, 11, 10], "texture": "#3"},
				"up": {"uv": [0.25, 14, 0, 10], "texture": "#3"},
				"down": {"uv": [10.25, 0, 10, 4], "texture": "#3"}
			}
		},
		{
			"from": [1, 0, 0],
			"to": [15, 1, 1],
			"faces": {
				"north": {"uv": [10, 5, 13.5, 5.25], "texture": "#3"},
				"east": {"uv": [10.5, 10.25, 10.75, 10.5], "texture": "#3"},
				"south": {"uv": [10, 5.25, 13.5, 5.5], "texture": "#3"},
				"west": {"uv": [10.5, 10.5, 10.75, 10.75], "texture": "#3"},
				"up": {"uv": [13.5, 5.75, 10, 5.5], "texture": "#3"},
				"down": {"uv": [13.5, 5.75, 10, 6], "texture": "#3"}
			}
		},
		{
			"from": [1, 0, 15],
			"to": [15, 1, 16],
			"faces": {
				"north": {"uv": [10, 6, 13.5, 6.25], "texture": "#3"},
				"east": {"uv": [10.75, 2.75, 11, 3], "texture": "#3"},
				"south": {"uv": [10, 6.25, 13.5, 6.5], "texture": "#3"},
				"west": {"uv": [10.75, 3.5, 11, 3.75], "texture": "#3"},
				"up": {"uv": [13.5, 6.75, 10, 6.5], "texture": "#3"},
				"down": {"uv": [13.5, 6.75, 10, 7], "texture": "#3"}
			}
		},
		{
			"from": [-1, 7, 7],
			"to": [1, 9, 9],
			"rotation": {"angle": -22.5, "axis": "x", "origin": [0, 8, 8]},
			"faces": {
				"north": {"uv": [10.25, 3.5, 10.75, 4], "texture": "#3"},
				"east": {"uv": [7.5, 10.25, 8, 10.75], "texture": "#3"},
				"south": {"uv": [8, 10.25, 8.5, 10.75], "texture": "#3"},
				"west": {"uv": [8.5, 10.25, 9, 10.75], "texture": "#3"},
				"up": {"uv": [9.5, 10.75, 9, 10.25], "texture": "#3"},
				"down": {"uv": [10, 10.25, 9.5, 10.75], "texture": "#3"}
			}
		},
		{
			"from": [15, 7, 7],
			"to": [17, 9, 9],
			"rotation": {"angle": -22.5, "axis": "x", "origin": [0, 8, 8]},
			"faces": {
				"north": {"uv": [10, 10.25, 10.5, 10.75], "texture": "#3"},
				"east": {"uv": [10.5, 0.25, 11, 0.75], "texture": "#3"},
				"south": {"uv": [10.5, 0.75, 11, 1.25], "texture": "#3"},
				"west": {"uv": [10.5, 1.25, 11, 1.75], "texture": "#3"},
				"up": {"uv": [11, 2.25, 10.5, 1.75], "texture": "#3"},
				"down": {"uv": [11, 2.25, 10.5, 2.75], "texture": "#3"}
			}
		},
		{
			"from": [15, 10, 1],
			"to": [16, 11, 12],
			"rotation": {"angle": -22.5, "axis": "x", "origin": [0, 0, 16]},
			"faces": {
				"north": {"uv": [7.75, 10.75, 8, 11], "texture": "#3"},
				"east": {"uv": [10.25, 3, 13, 3.25], "texture": "#3"},
				"south": {"uv": [8, 10.75, 8.25, 11], "texture": "#3"},
				"west": {"uv": [10.25, 3.25, 13, 3.5], "texture": "#3"},
				"up": {"uv": [7.25, 13, 7, 10.25], "texture": "#3"},
				"down": {"uv": [7.5, 10.25, 7.25, 13], "texture": "#3"}
			}
		},
		{
			"from": [1, 10, 1],
			"to": [15, 11, 2],
			"rotation": {"angle": -22.5, "axis": "x", "origin": [0, 0, 16]},
			"faces": {
				"north": {"uv": [7, 10, 10.5, 10.25], "texture": "#3"},
				"east": {"uv": [8.25, 10.75, 8.5, 11], "texture": "#3"},
				"south": {"uv": [10, 7, 13.5, 7.25], "texture": "#3"},
				"west": {"uv": [8.5, 10.75, 8.75, 11], "texture": "#3"},
				"up": {"uv": [13.5, 7.5, 10, 7.25], "texture": "#3"},
				"down": {"uv": [13.5, 7.5, 10, 7.75], "texture": "#3"}
			}
		},
		{
			"from": [0, 10, 1],
			"to": [1, 11, 12],
			"rotation": {"angle": -22.5, "axis": "x", "origin": [0, 0, 16]},
			"faces": {
				"north": {"uv": [10.75, 3.75, 11, 4], "texture": "#3"},
				"east": {"uv": [10, 8.75, 12.75, 9], "texture": "#3"},
				"south": {"uv": [7.5, 10.75, 7.75, 11], "texture": "#3"},
				"west": {"uv": [10.25, 0, 13, 0.25], "texture": "#3"},
				"up": {"uv": [3.5, 12.75, 3.25, 10], "texture": "#3"},
				"down": {"uv": [10.5, 0.25, 10.25, 3], "texture": "#3"}
			}
		}
	],
	"display": {
		"thirdperson_righthand": {
			"translation": [0, -1.5, -2.5],
			"scale": [0.41797, 0.5, 0.34766]
		},
		"thirdperson_lefthand": {
			"translation": [0, -1.5, -2.5],
			"scale": [0.41797, 0.5, 0.34766]
		},
		"firstperson_righthand": {
			"translation": [0, 3.75, 0],
			"scale": [0.57, 0.59, 0.57617]
		},
		"firstperson_lefthand": {
			"translation": [0, 3.75, 0],
			"scale": [0.57, 0.59, 0.57617]
		},
		"ground": {
			"scale": [0.34961, 0.34961, 0.34961]
		},
		"gui": {
			"rotation": [-153.38, -41.37, 170.43],
			"translation": [-0.5, 0.5, 0],
			"scale": [0.6543, 0.6543, 0.6543]
		},
		"head": {
			"translation": [0, 3, 0],
			"scale": [1.07617, 1.01563, 1.03906]
		},
		"fixed": {
			"rotation": [-88, 0, 0],
			"translation": [0, 0, -9]
		}
	},
	"groups": [
		0,
		1,
		2,
		3,
		4,
		5,
		6,
		7,
		8,
		{
			"name": "rączka",
			"origin": [0, 0, 0],
			"color": 0,
			"children": [9, 10, 11, 12, 13]
		}
	]
}