{
	"credit": "Made with Blockbench",
	"textures": {
		"5": "light_saber",
		"particle": "light_saber"
	},
	"elements": [
		{
			"from": [7.5, 0, 5.5],
			"to": [8.5, 4, 6.5],
			"faces": {
				"north": {"uv": [4, 0, 5, 4], "texture": "#5"},
				"east": {"uv": [4, 4, 5, 8], "texture": "#5"},
				"south": {"uv": [5, 0, 6, 4], "texture": "#5"},
				"west": {"uv": [5, 4, 6, 8], "texture": "#5"},
				"up": {"uv": [9, 1, 8, 0], "texture": "#5"},
				"down": {"uv": [9, 1, 8, 2], "texture": "#5"}
			}
		},
		{
			"from": [7, 4, 5],
			"to": [9, 5, 7],
			"faces": {
				"north": {"uv": [6, 4, 8, 5], "texture": "#5"},
				"east": {"uv": [6, 5, 8, 6], "texture": "#5"},
				"south": {"uv": [6, 6, 8, 7], "texture": "#5"},
				"west": {"uv": [6, 7, 8, 8], "texture": "#5"},
				"up": {"uv": [8, 2, 6, 0], "texture": "#5"},
				"down": {"uv": [8, 2, 6, 4], "texture": "#5"}
			}
		},
		{
			"from": [7.5, 5, 5.5],
			"to": [8.5, 20, 6.5],
			"faces": {
				"north": {"uv": [0, 0, 1, 15], "texture": "#5"},
				"east": {"uv": [1, 0, 2, 15], "texture": "#5"},
				"south": {"uv": [2, 0, 3, 15], "texture": "#5"},
				"west": {"uv": [3, 0, 4, 15], "texture": "#5"},
				"up": {"uv": [9, 3, 8, 2], "texture": "#5"},
				"down": {"uv": [9, 3, 8, 4], "texture": "#5"}
			}
		},
		{
			"from": [8.5, 3, 5.75],
			"to": [8.75, 3.25, 6.25],
			"faces": {
				"north": {"uv": [4, 8, 5, 9], "texture": "#5"},
				"east": {"uv": [8, 4, 9, 5], "texture": "#5"},
				"south": {"uv": [5, 8, 6, 9], "texture": "#5"},
				"west": {"uv": [8, 5, 9, 6], "texture": "#5"},
				"up": {"uv": [7, 9, 6, 8], "texture": "#5"},
				"down": {"uv": [9, 6, 8, 7], "texture": "#5"}
			}
		}
	],
	"display": {
		"thirdperson_righthand": {
			"rotation": [0, -88, 0],
			"translation": [-1.5, 8.5, 2],
			"scale": [1, 1.58, 1]
		},
		"thirdperson_lefthand": {
			"rotation": [0, -88, 0],
			"translation": [-1.5, 8.5, 2],
			"scale": [1, 1.58, 1]
		},
		"firstperson_righthand": {
			"rotation": [0, -90, 0],
			"translation": [0, 6.5, 0],
			"scale": [0.87, 1.01, 1]
		},
		"firstperson_lefthand": {
			"rotation": [0, 90, 0],
			"translation": [3, 6.5, 0],
			"scale": [0.87, 1.01, 1]
		},
		"gui": {
			"rotation": [-41, -36, -33],
			"translation": [-2, -0.5, 0],
			"scale": [1, 0.82422, 1]
		},
		"head": {
			"rotation": [90, 0, 90],
			"translation": [7.5, -0.75, 0],
			"scale": [1.77, 2.21, 1.84]
		}
	}
}