{
	"credit": "Made with Blockbench",
	"texture_size": [32, 32],
	"textures": {
		"4": "patelnia",
		"particle": "block/anvil_top"
	},
	"elements": [
		{
			"from": [7.5, 2, 7.5],
			"to": [8.5, 7, 8.5],
			"faces": {
				"north": {"uv": [5.5, 1, 6, 3.5], "texture": "#4"},
				"east": {"uv": [5.5, 3.5, 6, 6], "texture": "#4"},
				"south": {"uv": [0, 6, 0.5, 8.5], "texture": "#4"},
				"west": {"uv": [0.5, 6, 1, 8.5], "texture": "#4"},
				"up": {"uv": [1.5, 6.5, 1, 6], "texture": "#4"},
				"down": {"uv": [2, 6, 1.5, 6.5], "texture": "#4"}
			}
		},
		{
			"from": [5, 7.5, 8.5],
			"to": [11, 13.5, 9.5],
			"faces": {
				"north": {"uv": [0, 0, 3, 3], "texture": "#4"},
				"east": {"uv": [5, 0, 5.5, 3], "texture": "#4"},
				"south": {"uv": [0, 3, 3, 6], "texture": "#4"},
				"west": {"uv": [5, 3, 5.5, 6], "texture": "#4"},
				"up": {"uv": [8.5, 0.5, 5.5, 0], "texture": "#4"},
				"down": {"uv": [8.5, 0.5, 5.5, 1], "texture": "#4"}
			}
		},
		{
			"from": [10.5, 7, 7.5],
			"to": [11.5, 14, 8.5],
			"faces": {
				"north": {"uv": [3, 0, 3.5, 3.5], "texture": "#4"},
				"east": {"uv": [3.5, 0, 4, 3.5], "texture": "#4"},
				"south": {"uv": [3, 3.5, 3.5, 7], "texture": "#4"},
				"west": {"uv": [3.5, 3.5, 4, 7], "texture": "#4"},
				"up": {"uv": [2.5, 6.5, 2, 6], "texture": "#4"},
				"down": {"uv": [3, 6, 2.5, 6.5], "texture": "#4"}
			}
		},
		{
			"from": [4.5, 7, 7.5],
			"to": [5.5, 14, 8.5],
			"faces": {
				"north": {"uv": [4, 0, 4.5, 3.5], "texture": "#4"},
				"east": {"uv": [4, 3.5, 4.5, 7], "texture": "#4"},
				"south": {"uv": [4.5, 0, 5, 3.5], "texture": "#4"},
				"west": {"uv": [4.5, 3.5, 5, 7], "texture": "#4"},
				"up": {"uv": [6, 6.5, 5.5, 6], "texture": "#4"},
				"down": {"uv": [6.5, 5.5, 6, 6], "texture": "#4"}
			}
		},
		{
			"from": [5.5, 7, 7.5],
			"to": [10.5, 8, 8.5],
			"faces": {
				"north": {"uv": [6, 1, 8.5, 1.5], "texture": "#4"},
				"east": {"uv": [5, 6, 5.5, 6.5], "texture": "#4"},
				"south": {"uv": [6, 1.5, 8.5, 2], "texture": "#4"},
				"west": {"uv": [6, 5, 6.5, 5.5], "texture": "#4"},
				"up": {"uv": [8.5, 2.5, 6, 2], "texture": "#4"},
				"down": {"uv": [8.5, 2.5, 6, 3], "texture": "#4"}
			}
		},
		{
			"from": [5.5, 13, 7.5],
			"to": [10.5, 14, 8.5],
			"faces": {
				"north": {"uv": [6, 3, 8.5, 3.5], "texture": "#4"},
				"east": {"uv": [6, 6, 6.5, 6.5], "texture": "#4"},
				"south": {"uv": [6, 3.5, 8.5, 4], "texture": "#4"},
				"west": {"uv": [1, 6.5, 1.5, 7], "texture": "#4"},
				"up": {"uv": [8.5, 4.5, 6, 4], "texture": "#4"},
				"down": {"uv": [8.5, 4.5, 6, 5], "texture": "#4"}
			}
		}
	],
	"display": {
		"thirdperson_righthand": {
			"rotation": [0, -180, 0],
			"translation": [0, 4.5, 0.75]
		},
		"thirdperson_lefthand": {
			"rotation": [0, -180, 0],
			"translation": [0, 4.5, 0.75]
		},
		"firstperson_righthand": {
			"rotation": [0, -180, 0],
			"translation": [0, 6.5, 0]
		},
		"firstperson_lefthand": {
			"rotation": [0, -180, 0],
			"translation": [0, 6.5, 0]
		},
		"gui": {
			"rotation": [0, -180, 0]
		},
		"head": {
			"translation": [0, -2.75, -8],
			"scale": [1.34, 1.3, 1.04]
		},
		"fixed": {
			"translation": [0, 0, -1.75]
		}
	}
}